elapsed_s,rss_mb,phase
0.001,98.379,refresh_local
30.383,135.957,search_catalog
60.382,124.203,queue_load
90.383,132.578,refresh_local
120.383,135.816,refresh_playlists
150.382,137.203,search_catalog
180.383,137.398,queue_load
210.382,144.859,refresh_local
240.382,141.977,refresh_playlists
270.383,147.363,queue_load
300.382,149.320,refresh_local
330.382,153.789,refresh_playlists
360.383,154.188,search_catalog
390.383,154.738,refresh_local
420.382,155.031,refresh_playlists
450.383,158.504,search_catalog
480.384,156.719,queue_load
510.383,156.473,refresh_local
540.383,158.734,search_catalog
570.382,161.715,queue_load
600.382,155.824,refresh_local
630.382,157.812,refresh_playlists
660.382,155.125,queue_load
690.382,147.965,refresh_local
720.382,119.531,refresh_playlists
750.383,102.992,refresh_playlists
780.381,113.781,search_catalog
810.382,125.621,queue_load
840.383,127.656,refresh_local
870.382,126.738,refresh_local
900.388,127.582,final
